{
  "commons-math": {
    "Min Budget": 99,
    "Min Budget F": 99.81060606060606,
    "Min data": {
      "numOfTCS": 528,
      "no_of_deleted_redundant_testfiles": 1,
      "hash": "4bbe9ee5bdd1c7fb210b99ed3eee720e51a3b54f"
    },
    "Max Budget": 99,
    "Max Budget F": 99.81060606060606,
    "Average Budget": 99,
    "Average Budget F": 99.81060606060606
  },
  "joda-time": {
    "Min Budget": 99,
    "Min Budget F": 99.07407407407408,
    "Min data": {
      "numOfTCS": 108,
      "no_of_deleted_redundant_testfiles": 1,
      "hash": "6bdd176eed470329a73d7ee08498183e579cea60"
    },
    "Max Budget": 99,
    "Max Budget F": 99.31972789115646,
    "Average Budget": 99,
    "Average Budget F": 99.19690098261526
  },
  "pmd": {
    "Min Budget": 95,
    "Min Budget F": 95.45454545454545,
    "Min data": {
      "numOfTCS": 22,
      "no_of_deleted_redundant_testfiles": 1,
      "hash": "e115567351dc4de84df8212d5c5b18775c72369d"
    },
    "Max Budget": 99,
    "Max Budget F": 99.88399071925754,
    "Average Budget": 98,
    "Average Budget F": 99.57112883218683
  }
}